Unnamed: 0,data,valor,retorno,valor_atual
7913,2018-01-02,0.00026481000000000003,0.0,50000.0
7914,2018-01-03,0.00026481000000000003,0.0,50013.2405
7915,2018-01-04,0.00026481000000000003,0.0,50026.4845062168
7916,2018-01-05,0.00026481000000000003,0.0,50039.73201957889
7917,2018-01-08,0.00026481000000000003,0.0,50052.983041014995
7918,2018-01-09,0.00026481000000000003,0.0,50066.23757145408
7919,2018-01-10,0.00026481000000000003,0.0,50079.49561182538
7920,2018-01-11,0.00026481000000000003,0.0,50092.75716305835
7921,2018-01-12,0.00026481000000000003,0.0,50106.0222260827
7922,2018-01-15,0.00026481000000000003,0.0,50119.290801828385
7923,2018-01-16,0.00026481000000000003,0.0,50132.562891225614
7924,2018-01-17,0.00026481000000000003,0.0,50145.83849520484
7925,2018-01-18,0.00026481000000000003,0.0,50159.11761469675
7926,2018-01-19,0.00026481000000000003,0.0,50172.400250632294
7927,2018-01-22,0.00026481000000000003,0.0,50185.686403942665
7928,2018-01-23,0.00026481000000000003,0.0,50198.976075559294
7929,2018-01-24,0.00026481000000000003,0.0,50212.26926641387
7930,2018-01-25,0.00026481000000000003,0.0,50225.56597743831
7931,2018-01-26,0.00026481000000000003,0.0,50238.866209564796
7932,2018-01-29,0.00026481000000000003,0.0,50252.16996372575
7933,2018-01-30,0.00026481000000000003,0.0,50265.47724085384
7934,2018-01-31,0.00026481000000000003,0.0,50278.78804188199
7935,2018-02-01,0.00026481000000000003,0.0,50292.10236774336
7936,2018-02-02,0.00026481000000000003,0.0,50305.420219371365
7937,2018-02-05,0.00026481000000000003,0.0,50318.741597699656
7938,2018-02-06,0.00026481000000000003,0.0,50332.06650366214
7939,2018-02-07,0.00026481000000000003,0.0,50345.39493819298
7940,2018-02-08,0.00025551999999999997,-0.00035081756731241364,50358.25919350759
7941,2018-02-09,0.00025551999999999997,0.0,50371.126735896716
7942,2018-02-14,0.00025551999999999997,0.0,50383.997566200276
7943,2018-02-15,0.00025551999999999997,0.0,50396.8716852584
7944,2018-02-16,0.00025551999999999997,0.0,50409.749093911414
7945,2018-02-19,0.00025551999999999997,0.0,50422.62979299989
7946,2018-02-20,0.00025551999999999997,0.0,50435.5137833646
7947,2018-02-21,0.00025551999999999997,0.0,50448.40106584653
7948,2018-02-22,0.00025551999999999997,0.0,50461.29164128687
7949,2018-02-23,0.00025551999999999997,0.0,50474.18551052706
7950,2018-02-26,0.00025551999999999997,0.0,50487.08267440871
7951,2018-02-27,0.00025551999999999997,0.0,50499.983133773676
7952,2018-02-28,0.00025551999999999997,0.0,50512.88688946402
7953,2018-03-01,0.00025551999999999997,0.0,50525.793942322016
7954,2018-03-02,0.00025551999999999997,0.0,50538.70429319016
7955,2018-03-05,0.00025551999999999997,0.0,50551.61794291116
7956,2018-03-06,0.00025551999999999997,0.0,50564.53489232793
7957,2018-03-07,0.00025551999999999997,0.0,50577.45514228362
7958,2018-03-08,0.00025551999999999997,0.0,50590.378693621584
7959,2018-03-09,0.00025551999999999997,0.0,50603.30554718538
7960,2018-03-12,0.00025551999999999997,0.0,50616.2357038188
7961,2018-03-13,0.00025551999999999997,0.0,50629.16916436584
7962,2018-03-14,0.00025551999999999997,0.0,50642.105929670724
7963,2018-03-15,0.00025551999999999997,0.0,50655.04600057788
7964,2018-03-16,0.00025551999999999997,0.0,50667.989377931954
7965,2018-03-19,0.00025551999999999997,0.0,50680.936062577806
7966,2018-03-20,0.00025551999999999997,0.0,50693.88605536052
7967,2018-03-21,0.00025551999999999997,0.0,50706.83935712539
7968,2018-03-22,0.0002462,-0.0003647463994990607,50719.32338097512
7969,2018-03-23,0.0002462,0.0,50731.81047839152
7970,2018-03-26,0.0002462,0.0,50744.30065013131
7971,2018-03-27,0.0002462,0.0,50756.79389695137
7972,2018-03-28,0.0002462,0.0,50769.2902196088
7973,2018-03-29,0.0002462,0.0,50781.78961886087
7974,2018-04-02,0.0002462,0.0,50794.29209546504
7975,2018-04-03,0.0002462,0.0,50806.797650178945
7976,2018-04-04,0.0002462,0.0,50819.30628376042
7977,2018-04-05,0.0002462,0.0,50831.81799696749
7978,2018-04-06,0.0002462,0.0,50844.33279055835
7979,2018-04-09,0.0002462,0.0,50856.85066529139
7980,2018-04-10,0.0002462,0.0,50869.371621925195
7981,2018-04-11,0.0002462,0.0,50881.895661218514
7982,2018-04-12,0.0002462,0.0,50894.42278393031
7983,2018-04-13,0.0002462,0.0,50906.95299081972
7984,2018-04-16,0.0002462,0.0,50919.48628264607
7985,2018-04-17,0.0002462,0.0,50932.022660168856
7986,2018-04-18,0.0002462,0.0,50944.56212414779
7987,2018-04-19,0.0002462,0.0,50957.104675342765
7988,2018-04-20,0.0002462,0.0,50969.65031451384
7989,2018-04-23,0.0002462,0.0,50982.19904242128
7990,2018-04-24,0.0002462,0.0,50994.75085982553
7991,2018-04-25,0.0002462,0.0,51007.305767487225
7992,2018-04-26,0.0002462,0.0,51019.86376616718
7993,2018-04-27,0.0002462,0.0,51032.424856626414
7994,2018-04-30,0.0002462,0.0,51044.98903962612
7995,2018-05-02,0.0002462,0.0,51057.55631592768
7996,2018-05-03,0.0002462,0.0,51070.126686292664
7997,2018-05-04,0.0002462,0.0,51082.70015148284
7998,2018-05-07,0.0002462,0.0,51095.276712260136
7999,2018-05-08,0.0002462,0.0,51107.856369386696
8000,2018-05-09,0.0002462,0.0,51120.43912362484
8001,2018-05-10,0.0002462,0.0,51133.024975737084
8002,2018-05-11,0.0002462,0.0,51145.61392648611
8003,2018-05-14,0.0002462,0.0,51158.20597663482
8004,2018-05-15,0.0002462,0.0,51170.801126946266
8005,2018-05-16,0.0002462,0.0,51183.39937818373
8006,2018-05-17,0.0002462,0.0,51196.00073111064
8007,2018-05-18,0.0002462,0.0,51208.60518649064
8008,2018-05-21,0.0002462,0.0,51221.212745087556
8009,2018-05-22,0.0002462,0.0,51233.823407665404
8010,2018-05-23,0.0002462,0.0,51246.43717498838
8011,2018-05-24,0.0002462,0.0,51259.054047820864
8012,2018-05-25,0.0002462,0.0,51271.674026927445
8013,2018-05-28,0.0002462,0.0,51284.29711307288
8014,2018-05-29,0.0002462,0.0,51296.923307022116
8015,2018-05-30,0.0002462,0.0,51309.55260954031
8016,2018-06-01,0.0002462,0.0,51322.18502139278
8017,2018-06-04,0.0002462,0.0,51334.82054334506
8018,2018-06-05,0.0002462,0.0,51347.45917616283
8019,2018-06-06,0.0002462,0.0,51360.10092061201
8020,2018-06-07,0.0002462,0.0,51372.745777458666
8021,2018-06-08,0.0002462,0.0,51385.39374746908
8022,2018-06-11,0.0002462,0.0,51398.044831409716
8023,2018-06-12,0.0002462,0.0,51410.69903004721
8024,2018-06-13,0.0002462,0.0,51423.356344148415
8025,2018-06-14,0.0002462,0.0,51436.01677448035
8026,2018-06-15,0.0002462,0.0,51448.68032181023
8027,2018-06-18,0.0002462,0.0,51461.34698690546
8028,2018-06-19,0.0002462,0.0,51474.01677053364
8029,2018-06-20,0.0002462,0.0,51486.689673462555
8030,2018-06-21,0.0002462,0.0,51499.36569646017
8031,2018-06-22,0.0002462,0.0,51512.04484029464
8032,2018-06-25,0.0002462,0.0,51524.727105734324
8033,2018-06-26,0.0002462,0.0,51537.41249354776
8034,2018-06-27,0.0002462,0.0,51550.101004503675
8035,2018-06-28,0.0002462,0.0,51562.792639370986
8036,2018-06-29,0.0002462,0.0,51575.487398918805
8037,2018-07-02,0.0002462,0.0,51588.18528391642
8038,2018-07-03,0.0002462,0.0,51600.88629513333
8039,2018-07-04,0.0002462,0.0,51613.590433339195
8040,2018-07-05,0.0002462,0.0,51626.29769930389
8041,2018-07-06,0.0002462,0.0,51639.00809379746
8042,2018-07-09,0.0002462,0.0,51651.72161759016
8043,2018-07-10,0.0002462,0.0,51664.43827145242
8044,2018-07-11,0.0002462,0.0,51677.158056154854
8045,2018-07-12,0.0002462,0.0,51689.88097246829
8046,2018-07-13,0.0002462,0.0,51702.60702116371
8047,2018-07-16,0.0002462,0.0,51715.336203012324
8048,2018-07-17,0.0002462,0.0,51728.06851878551
8049,2018-07-18,0.0002462,0.0,51740.80396925484
8050,2018-07-19,0.0002462,0.0,51753.54255519208
8051,2018-07-20,0.0002462,0.0,51766.284277369174
8052,2018-07-23,0.0002462,0.0,51779.02913655827
8053,2018-07-24,0.0002462,0.0,51791.777133531694
8054,2018-07-25,0.0002462,0.0,51804.52826906197
8055,2018-07-26,0.0002462,0.0,51817.28254392182
8056,2018-07-27,0.0002462,0.0,51830.03995888414
8057,2018-07-30,0.0002462,0.0,51842.80051472202
8058,2018-07-31,0.0002462,0.0,51855.564212208745
8059,2018-08-01,0.0002462,0.0,51868.33105211779
8060,2018-08-02,0.0002462,0.0,51881.101035222826
8061,2018-08-03,0.0002462,0.0,51893.8741622977
8062,2018-08-06,0.0002462,0.0,51906.65043411646
8063,2018-08-07,0.0002462,0.0,51919.429851453344
8064,2018-08-08,0.0002462,0.0,51932.21241508277
8065,2018-08-09,0.0002462,0.0,51944.99812577937
8066,2018-08-10,0.0002462,0.0,51957.78698431794
8067,2018-08-13,0.0002462,0.0,51970.578991473485
8068,2018-08-14,0.0002462,0.0,51983.37414802119
8069,2018-08-15,0.0002462,0.0,51996.172454736436
8070,2018-08-16,0.0002462,0.0,52008.973912394795
8071,2018-08-17,0.0002462,0.0,52021.77852177203
8072,2018-08-20,0.0002462,0.0,52034.586283644094
8073,2018-08-21,0.0002462,0.0,52047.397198787134
8074,2018-08-22,0.0002462,0.0,52060.21126797748
8075,2018-08-23,0.0002462,0.0,52073.02849199166
8076,2018-08-24,0.0002462,0.0,52085.848871606395
8077,2018-08-27,0.0002462,0.0,52098.67240759859
8078,2018-08-28,0.0002462,0.0,52111.49910074535
8079,2018-08-29,0.0002462,0.0,52124.328951823954
8080,2018-08-30,0.0002462,0.0,52137.1619616119
8081,2018-08-31,0.0002462,0.0,52149.99813088685
8082,2018-09-03,0.0002462,0.0,52162.83746042668
8083,2018-09-04,0.0002462,0.0,52175.67995100944
8084,2018-09-05,0.0002462,0.0,52188.525603413385
8085,2018-09-06,0.0002462,0.0,52201.37441841695
8086,2018-09-10,0.0002462,0.0,52214.22639679877
8087,2018-09-11,0.0002462,0.0,52227.08153933766
8088,2018-09-12,0.0002462,0.0,52239.93984681265
8089,2018-09-13,0.0002462,0.0,52252.801320002945
8090,2018-09-14,0.0002462,0.0,52265.66595968793
8091,2018-09-17,0.0002462,0.0,52278.53376664721
8092,2018-09-18,0.0002462,0.0,52291.40474166056
8093,2018-09-19,0.0002462,0.0,52304.27888550796
8094,2018-09-20,0.0002462,0.0,52317.15619896958
8095,2018-09-21,0.0002462,0.0,52330.03668282577
8096,2018-09-24,0.0002462,0.0,52342.92033785708
8097,2018-09-25,0.0002462,0.0,52355.807164844264
8098,2018-09-26,0.0002462,0.0,52368.69716456825
8099,2018-09-27,0.0002462,0.0,52381.59033781017
8100,2018-09-28,0.0002462,0.0,52394.486685351345
8101,2018-10-01,0.0002462,0.0,52407.386207973286
8102,2018-10-02,0.0002462,0.0,52420.288906457696
8103,2018-10-03,0.0002462,0.0,52433.19478158647
8104,2018-10-04,0.0002462,0.0,52446.1038341417
8105,2018-10-05,0.0002462,0.0,52459.01606490567
8106,2018-10-08,0.0002462,0.0,52471.93147466086
8107,2018-10-09,0.0002462,0.0,52484.85006418992
8108,2018-10-10,0.0002462,0.0,52497.77183427573
8109,2018-10-11,0.0002462,0.0,52510.69678570133
8110,2018-10-15,0.0002462,0.0,52523.624919249974
8111,2018-10-16,0.0002462,0.0,52536.556235705095
8112,2018-10-17,0.0002462,0.0,52549.49073585033
8113,2018-10-18,0.0002462,0.0,52562.42842046951
8114,2018-10-19,0.0002462,0.0,52575.36929034663
8115,2018-10-22,0.0002462,0.0,52588.31334626592
8116,2018-10-23,0.0002462,0.0,52601.26058901177
8117,2018-10-24,0.0002462,0.0,52614.21101936879
8118,2018-10-25,0.0002462,0.0,52627.164638121765
8119,2018-10-26,0.0002462,0.0,52640.12144605567
8120,2018-10-29,0.0002462,0.0,52653.0814439557
8121,2018-10-30,0.0002462,0.0,52666.044632607205
8122,2018-10-31,0.0002462,0.0,52679.01101279576
8123,2018-11-01,0.0002462,0.0,52691.980585307116
8124,2018-11-05,0.0002462,0.0,52704.95335092722
8125,2018-11-06,0.0002462,0.0,52717.929310442225
8126,2018-11-07,0.0002462,0.0,52730.90846463846
8127,2018-11-08,0.0002462,0.0,52743.89081430246
8128,2018-11-09,0.0002462,0.0,52756.876360220944
8129,2018-11-12,0.0002462,0.0,52769.86510318083
8130,2018-11-13,0.0002462,0.0,52782.85704396924
8131,2018-11-14,0.0002462,0.0,52795.85218337347
8132,2018-11-16,0.0002462,0.0,52808.85052218102
8133,2018-11-19,0.0002462,0.0,52821.85206117958
8134,2018-11-20,0.0002462,0.0,52834.85680115705
8135,2018-11-21,0.0002462,0.0,52847.8647429015
8136,2018-11-22,0.0002462,0.0,52860.87588720121
8137,2018-11-23,0.0002462,0.0,52873.89023484464
8138,2018-11-26,0.0002462,0.0,52886.90778662047
8139,2018-11-27,0.0002462,0.0,52899.92854331754
8140,2018-11-28,0.0002462,0.0,52912.95250572491
8141,2018-11-29,0.0002462,0.0,52925.979674631824
8142,2018-11-30,0.0002462,0.0,52939.010050827725
8143,2018-12-03,0.0002462,0.0,52952.04363510224
8144,2018-12-04,0.0002462,0.0,52965.08042824521
8145,2018-12-05,0.0002462,0.0,52978.12043104665
8146,2018-12-06,0.0002462,0.0,52991.16364429678
8147,2018-12-07,0.0002462,0.0,53004.21006878601
8148,2018-12-10,0.0002462,0.0,53017.25970530495
8149,2018-12-11,0.0002462,0.0,53030.3125546444
8150,2018-12-12,0.0002462,0.0,53043.368617595355
8151,2018-12-13,0.0002462,0.0,53056.42789494901
8152,2018-12-14,0.0002462,0.0,53069.49038749675
8153,2018-12-17,0.0002462,0.0,53082.55609603016
8154,2018-12-18,0.0002462,0.0,53095.62502134101
8155,2018-12-19,0.0002462,0.0,53108.69716422127
8156,2018-12-20,0.0002462,0.0,53121.7725254631
8157,2018-12-21,0.0002462,0.0,53134.85110585888
8158,2018-12-24,0.0002462,0.0,53147.932906201146
8159,2018-12-26,0.0002462,0.0,53161.01792728266
8160,2018-12-27,0.0002462,0.0,53174.10616989636
8161,2018-12-28,0.0002462,0.0,53187.19763483539
8162,2018-12-31,0.0002462,0.0,53200.292322893096
8163,2019-01-02,0.0002462,0.0,53213.390234863
8164,2019-01-03,0.0002462,0.0,53226.491371538825
8165,2019-01-04,0.0002462,0.0,53239.5957337145
8166,2019-01-07,0.0002462,0.0,53252.70332218415
8167,2019-01-08,0.0002462,0.0,53265.814137742076
8168,2019-01-09,0.0002462,0.0,53278.92818118279
8169,2019-01-10,0.0002462,0.0,53292.045453301
8170,2019-01-11,0.0002462,0.0,53305.16595489161
8171,2019-01-14,0.0002462,0.0,53318.289686749704
8172,2019-01-15,0.0002462,0.0,53331.41664967059
8173,2019-01-16,0.0002462,0.0,53344.54684444974
8174,2019-01-17,0.0002462,0.0,53357.68027188285
8175,2019-01-18,0.0002462,0.0,53370.81693276579
8176,2019-01-21,0.0002462,0.0,53383.95682789464
8177,2019-01-22,0.0002462,0.0,53397.09995806567
8178,2019-01-23,0.0002462,0.0,53410.24632407535
8179,2019-01-24,0.0002462,0.0,53423.39592672034
8180,2019-01-25,0.0002462,0.0,53436.5487667975
8181,2019-01-28,0.0002462,0.0,53449.70484510389
8182,2019-01-29,0.0002462,0.0,53462.86416243676
8183,2019-01-30,0.0002462,0.0,53476.02671959355
8184,2019-01-31,0.0002462,0.0,53489.19251737192
8185,2019-02-01,0.0002462,0.0,53502.361556569704
8186,2019-02-04,0.0002462,0.0,53515.533837984935
8187,2019-02-05,0.0002462,0.0,53528.70936241585
8188,2019-02-06,0.0002462,0.0,53541.88813066088
8189,2019-02-07,0.0002462,0.0,53555.07014351866
8190,2019-02-08,0.0002462,0.0,53568.255401787996
8191,2019-02-11,0.0002462,0.0,53581.44390626792
8192,2019-02-12,0.0002462,0.0,53594.63565775765
8193,2019-02-13,0.0002462,0.0,53607.8306570566
8194,2019-02-14,0.0002462,0.0,53621.02890496437
8195,2019-02-15,0.0002462,0.0,53634.23040228077
8196,2019-02-18,0.0002462,0.0,53647.43514980582
8197,2019-02-19,0.0002462,0.0,53660.6431483397
8198,2019-02-20,0.0002462,0.0,53673.85439868283
8199,2019-02-21,0.0002462,0.0,53687.068901635794
8200,2019-02-22,0.0002462,0.0,53700.28665799938
8201,2019-02-25,0.0002462,0.0,53713.50766857458
8202,2019-02-26,0.0002462,0.0,53726.73193416259
8203,2019-02-27,0.0002462,0.0,53739.959455564785
8204,2019-02-28,0.0002462,0.0,53753.19023358275
8205,2019-03-01,0.0002462,0.0,53766.42426901826
8206,2019-03-06,0.0002462,0.0,53779.6615626733
8207,2019-03-07,0.0002462,0.0,53792.90211535003
8208,2019-03-08,0.0002462,0.0,53806.145927850834
8209,2019-03-11,0.0002462,0.0,53819.39300097828
8210,2019-03-12,0.0002462,0.0,53832.643335535126
8211,2019-03-13,0.0002462,0.0,53845.89693232434
8212,2019-03-14,0.0002462,0.0,53859.15379214908
8213,2019-03-15,0.0002462,0.0,53872.413915812715
8214,2019-03-18,0.0002462,0.0,53885.67730411879
8215,2019-03-19,0.0002462,0.0,53898.94395787107
8216,2019-03-20,0.0002462,0.0,53912.2138778735
8217,2019-03-21,0.0002462,0.0,53925.48706493024
8218,2019-03-22,0.0002462,0.0,53938.76351984563
8219,2019-03-25,0.0002462,0.0,53952.04324342422
8220,2019-03-26,0.0002462,0.0,53965.326236470755
8221,2019-03-27,0.0002462,0.0,53978.61249979018
8222,2019-03-28,0.0002462,0.0,53991.90203418763
8223,2019-03-29,0.0002462,0.0,54005.19484046845
8224,2019-04-01,0.0002462,0.0,54018.490919438176
8225,2019-04-02,0.0002462,0.0,54031.790271902544
8226,2019-04-03,0.0002462,0.0,54045.09289866749
8227,2019-04-04,0.0002462,0.0,54058.39880053915
8228,2019-04-05,0.0002462,0.0,54071.70797832385
8229,2019-04-08,0.0002462,0.0,54085.02043282812
8230,2019-04-09,0.0002462,0.0,54098.33616485869
8231,2019-04-10,0.0002462,0.0,54111.65517522248
8232,2019-04-11,0.0002462,0.0,54124.977464726624
8233,2019-04-12,0.0002462,0.0,54138.30303417845
8234,2019-04-15,0.0002462,0.0,54151.63188438547
8235,2019-04-16,0.0002462,0.0,54164.964016155405
8236,2019-04-17,0.0002462,0.0,54178.29943029619
8237,2019-04-18,0.0002462,0.0,54191.63812761593
8238,2019-04-22,0.0002462,0.0,54204.98010892295
8239,2019-04-23,0.0002462,0.0,54218.32537502577
8240,2019-04-24,0.0002462,0.0,54231.67392673311
8241,2019-04-25,0.0002462,0.0,54245.025764853875
8242,2019-04-26,0.0002462,0.0,54258.380890197186
8243,2019-04-29,0.0002462,0.0,54271.73930357236
8244,2019-04-30,0.0002462,0.0,54285.1010057889
8245,2019-05-02,0.0002462,0.0,54298.46599765653
8246,2019-05-03,0.0002462,0.0,54311.83427998516
8247,2019-05-06,0.0002462,0.0,54325.2058535849
8248,2019-05-07,0.0002462,0.0,54338.58071926606
8249,2019-05-08,0.0002462,0.0,54351.95887783915
8250,2019-05-09,0.0002462,0.0,54365.34033011488
8251,2019-05-10,0.0002462,0.0,54378.72507690416
8252,2019-05-13,0.0002462,0.0,54392.1131190181
8253,2019-05-14,0.0002462,0.0,54405.504457268005
8254,2019-05-15,0.0002462,0.0,54418.89909246539
8255,2019-05-16,0.0002462,0.0,54432.29702542196
8256,2019-05-17,0.0002462,0.0,54445.698256949625
8257,2019-05-20,0.0002462,0.0,54459.10278786049
8258,2019-05-21,0.0002462,0.0,54472.510618966866
8259,2019-05-22,0.0002462,0.0,54485.92175108126
8260,2019-05-23,0.0002462,0.0,54499.33618501638
8261,2019-05-24,0.0002462,0.0,54512.753921585136
8262,2019-05-27,0.0002462,0.0,54526.174961600635
8263,2019-05-28,0.0002462,0.0,54539.59930587619
8264,2019-05-29,0.0002462,0.0,54553.0269552253
8265,2019-05-30,0.0002462,0.0,54566.45791046168
8266,2019-05-31,0.0002462,0.0,54579.89217239924
8267,2019-06-03,0.0002462,0.0,54593.32974185209
8268,2019-06-04,0.0002462,0.0,54606.77061963454
8269,2019-06-05,0.0002462,0.0,54620.214806561096
8270,2019-06-06,0.0002462,0.0,54633.66230344648
8271,2019-06-07,0.0002462,0.0,54647.113111105595
8272,2019-06-10,0.0002462,0.0,54660.567230353554
8273,2019-06-11,0.0002462,0.0,54674.02466200567
8274,2019-06-12,0.0002462,0.0,54687.48540687746
8275,2019-06-13,0.0002462,0.0,54700.94946578464
8276,2019-06-14,0.0002462,0.0,54714.41683954312
8277,2019-06-17,0.0002462,0.0,54727.88752896902
8278,2019-06-18,0.0002462,0.0,54741.361534878655
8279,2019-06-19,0.0002462,0.0,54754.838858088544
8280,2019-06-21,0.0002462,0.0,54768.31949941541
8281,2019-06-24,0.0002462,0.0,54781.80345967617
8282,2019-06-25,0.0002462,0.0,54795.290739687945
8283,2019-06-26,0.0002462,0.0,54808.78134026806
8284,2019-06-27,0.0002462,0.0,54822.27526223404
8285,2019-06-28,0.0002462,0.0,54835.772506403606
8286,2019-07-01,0.0002462,0.0,54849.27307359469
8287,2019-07-02,0.0002462,0.0,54862.77696462542
8288,2019-07-03,0.0002462,0.0,54876.28418031411
8289,2019-07-04,0.0002462,0.0,54889.79472147931
8290,2019-07-05,0.0002462,0.0,54903.30858893974
8291,2019-07-08,0.0002462,0.0,54916.825783514345
8292,2019-07-09,0.0002462,0.0,54930.34630602225
8293,2019-07-10,0.0002462,0.0,54943.8701572828
8294,2019-07-11,0.0002462,0.0,54957.39733811553
8295,2019-07-12,0.0002462,0.0,54970.92784934018
8296,2019-07-15,0.0002462,0.0,54984.46169177669
8297,2019-07-16,0.0002462,0.0,54997.99886624521
8298,2019-07-17,0.0002462,0.0,55011.539373566084
8299,2019-07-18,0.0002462,0.0,55025.08321455986
8300,2019-07-19,0.0002462,0.0,55038.63039004729
8301,2019-07-22,0.0002462,0.0,55052.18090084933
8302,2019-07-23,0.0002462,0.0,55065.73474778712
8303,2019-07-24,0.0002462,0.0,55079.29193168203
8304,2019-07-25,0.0002462,0.0,55092.85245335562
8305,2019-07-26,0.0002462,0.0,55106.41631362964
8306,2019-07-29,0.0002462,0.0,55119.983513326064
8307,2019-07-30,0.0002462,0.0,55133.55405326705
8308,2019-07-31,0.0002462,0.0,55147.12793427497
8309,2019-08-01,0.00022751,-0.0007591389114541025,55159.6744573513
8310,2019-08-02,0.00022751,0.0,55172.22383488709
8311,2019-08-05,0.00022751,0.0,55184.77606753176
8312,2019-08-06,0.00022751,0.0,55197.33115593489
8313,2019-08-07,0.00022751,0.0,55209.88910074617
8314,2019-08-08,0.00022751,0.0,55222.44990261548
8315,2019-08-09,0.00022751,0.0,55235.01356219283
8316,2019-08-12,0.00022751,0.0,55247.58008012836
8317,2019-08-13,0.00022751,0.0,55260.14945707239
8318,2019-08-14,0.00022751,0.0,55272.72169367537
8319,2019-08-15,0.00022751,0.0,55285.2967905879
8320,2019-08-16,0.00022751,0.0,55297.87474846072
8321,2019-08-19,0.00022751,0.0,55310.455567944744
8322,2019-08-20,0.00022751,0.0,55323.039249691006
8323,2019-08-21,0.00022751,0.0,55335.6257943507
8324,2019-08-22,0.00022751,0.0,55348.21520257517
8325,2019-08-23,0.00022751,0.0,55360.80747501591
8326,2019-08-26,0.00022751,0.0,55373.40261232455
8327,2019-08-27,0.00022751,0.0,55386.00061515288
8328,2019-08-28,0.00022751,0.0,55398.60148415283
8329,2019-08-29,0.00022751,0.0,55411.20521997649
8330,2019-08-30,0.00022751,0.0,55423.81182327608
8331,2019-09-02,0.00022751,0.0,55436.42129470399
8332,2019-09-03,0.00022751,0.0,55449.03363491275
8333,2019-09-04,0.00022751,0.0,55461.64884455503
8334,2019-09-05,0.00022751,0.0,55474.26692428365
8335,2019-09-06,0.00022751,0.0,55486.88787475159
8336,2019-09-09,0.00022751,0.0,55499.511696611975
8337,2019-09-10,0.00022751,0.0,55512.13839051807
8338,2019-09-11,0.00022751,0.0,55524.767957123295
8339,2019-09-12,0.00022751,0.0,55537.40039708122
8340,2019-09-13,0.00022751,0.0,55550.03571104556
8341,2019-09-16,0.00022751,0.0,55562.673899670175
8342,2019-09-17,0.00022751,0.0,55575.31496360909
8343,2019-09-18,0.00022751,0.0,55587.95890351646
8344,2019-09-19,0.00020872000000000002,-0.0008258977627357034,55599.561222298806
8345,2019-09-20,0.00020872000000000002,0.0,55611.165962717125
8346,2019-09-23,0.00020872000000000002,0.0,55622.773125276864
8347,2019-09-24,0.00020872000000000002,0.0,55634.38271048357
8348,2019-09-25,0.00020872000000000002,0.0,55645.99471884291
8349,2019-09-26,0.00020872000000000002,0.0,55657.609150860626
8350,2019-09-27,0.00020872000000000002,0.0,55669.2260070426
8351,2019-09-30,0.00020872000000000002,0.0,55680.845287894794
8352,2019-10-01,0.00020872000000000002,0.0,55692.466993923284
8353,2019-10-02,0.00020872000000000002,0.0,55704.09112563426
8354,2019-10-03,0.00020872000000000002,0.0,55715.71768353401
8355,2019-10-04,0.00020872000000000002,0.0,55727.346668128914
8356,2019-10-07,0.00020872000000000002,0.0,55738.97807992549
8357,2019-10-08,0.00020872000000000002,0.0,55750.61191943033
8358,2019-10-09,0.00020872000000000002,0.0,55762.24818715016
8359,2019-10-10,0.00020872000000000002,0.0,55773.88688359178
8360,2019-10-11,0.00020872000000000002,0.0,55785.528009262125
8361,2019-10-14,0.00020872000000000002,0.0,55797.17156466822
8362,2019-10-15,0.00020872000000000002,0.0,55808.8175503172
8363,2019-10-16,0.00020872000000000002,0.0,55820.46596671631
8364,2019-10-17,0.00020872000000000002,0.0,55832.11681437288
8365,2019-10-18,0.00020872000000000002,0.0,55843.77009379438
8366,2019-10-21,0.00020872000000000002,0.0,55855.42580548836
8367,2019-10-22,0.00020872000000000002,0.0,55867.083949962485
8368,2019-10-23,0.00020872000000000002,0.0,55878.74452772453
8369,2019-10-24,0.00020872000000000002,0.0,55890.40753928236
8370,2019-10-25,0.00020872000000000002,0.0,55902.07298514396
8371,2019-10-28,0.00020872000000000002,0.0,55913.740865817424
8372,2019-10-29,0.00020872000000000002,0.0,55925.41118181094
8373,2019-10-30,0.00020872000000000002,0.0,55937.083933632806
8374,2019-10-31,0.00018984999999999998,-0.0009040820237638958,55947.703589017605
8375,2019-11-01,0.00018984999999999998,0.0,55958.32526054398
8376,2019-11-04,0.00018984999999999998,0.0,55968.94894859469
8377,2019-11-05,0.00018984999999999998,0.0,55979.574653552576
8378,2019-11-06,0.00018984999999999998,0.0,55990.20237580055
8379,2019-11-07,0.00018984999999999998,0.0,56000.8321157216
8380,2019-11-08,0.00018984999999999998,0.0,56011.46387369876
8381,2019-11-11,0.00018984999999999998,0.0,56022.09765011518
8382,2019-11-12,0.00018984999999999998,0.0,56032.73344535405
8383,2019-11-13,0.00018984999999999998,0.0,56043.37125979865
8384,2019-11-14,0.00018984999999999998,0.0,56054.01109383232
8385,2019-11-18,0.00018984999999999998,0.0,56064.652947838484
8386,2019-11-19,0.00018984999999999998,0.0,56075.296822200624
8387,2019-11-20,0.00018984999999999998,0.0,56085.942717302314
8388,2019-11-21,0.00018984999999999998,0.0,56096.590633527194
8389,2019-11-22,0.00018984999999999998,0.0,56107.24057125897
8390,2019-11-25,0.00018984999999999998,0.0,56117.89253088142
8391,2019-11-26,0.00018984999999999998,0.0,56128.546512778405
8392,2019-11-27,0.00018984999999999998,0.0,56139.202517333855
8393,2019-11-28,0.00018984999999999998,0.0,56149.86054493177
8394,2019-11-29,0.00018984999999999998,0.0,56160.52059595622
8395,2019-12-02,0.00018984999999999998,0.0,56171.182670791364
8396,2019-12-03,0.00018984999999999998,0.0,56181.84676982141
8397,2019-12-04,0.00018984999999999998,0.0,56192.512893430656
8398,2019-12-05,0.00018984999999999998,0.0,56203.18104200347
8399,2019-12-06,0.00018984999999999998,0.0,56213.85121592429
8400,2019-12-09,0.00018984999999999998,0.0,56224.52341557763
8401,2019-12-10,0.00018984999999999998,0.0,56235.19764134807
8402,2019-12-11,0.00018984999999999998,0.0,56245.87389362028
8403,2019-12-12,0.00017089,-0.0009986831709244137,56255.485751009954
8404,2019-12-13,0.00017089,0.0,56265.09925096994
8405,2019-12-16,0.00017089,0.0,56274.71439378094
8406,2019-12-17,0.00017089,0.0,56284.33117972369
8407,2019-12-18,0.00017089,0.0,56293.94960907899
8408,2019-12-19,0.00017089,0.0,56303.56968212768
8409,2019-12-20,0.00017089,0.0,56313.19139915065
8410,2019-12-23,0.00017089,0.0,56322.814760428846
8411,2019-12-24,0.00017089,0.0,56332.43976624325
8412,2019-12-26,0.00017089,0.0,56342.0664168749
8413,2019-12-27,0.00017089,0.0,56351.694712604876
8414,2019-12-30,0.00017089,0.0,56361.324653714306
8415,2019-12-31,0.00017089,0.0,56370.956240484375
8416,2020-01-02,0.00017089,0.0,56380.589473196305
8417,2020-01-03,0.00017089,0.0,56390.22435213137
8418,2020-01-06,0.00017089,0.0,56399.86087757091
8419,2020-01-07,0.00017089,0.0,56409.49904979627
8420,2020-01-08,0.00017089,0.0,56419.138869088885
8421,2020-01-09,0.00017089,0.0,56428.78033573022
8422,2020-01-10,0.00017089,0.0,56438.423450001785
8423,2020-01-13,0.00017089,0.0,56448.06821218515
8424,2020-01-14,0.00017089,0.0,56457.71462256193
8425,2020-01-15,0.00017089,0.0,56467.362681413775
8426,2020-01-16,0.00017089,0.0,56477.0123890224
8427,2020-01-17,0.00017089,0.0,56486.66374566955
8428,2020-01-20,0.00017089,0.0,56496.316751637045
8429,2020-01-21,0.00017089,0.0,56505.97140720673
8430,2020-01-22,0.00017089,0.0,56515.627712660505
8431,2020-01-23,0.00017089,0.0,56525.28566828032
8432,2020-01-24,0.00017089,0.0,56534.94527434817
8433,2020-01-27,0.00017089,0.0,56544.6065311461
8434,2020-01-28,0.00017089,0.0,56554.2694389562
8435,2020-01-29,0.00017089,0.0,56563.933998060624
8436,2020-01-30,0.00017089,0.0,56573.60020874155
8437,2020-01-31,0.00017089,0.0,56583.268071281214
8438,2020-02-03,0.00017089,0.0,56592.93758596191
8439,2020-02-04,0.00017089,0.0,56602.60875306597
8440,2020-02-05,0.00017089,0.0,56612.28157287578
8441,2020-02-06,0.00016136999999999998,-0.0005570835040084277,56621.4170967532
8442,2020-02-07,0.00016136999999999998,0.0,56630.554094830106
8443,2020-02-10,0.00016136999999999998,0.0,56639.69256734439
8444,2020-02-11,0.00016136999999999998,0.0,56648.832514533984
8445,2020-02-12,0.00016136999999999998,0.0,56657.97393663686
8446,2020-02-13,0.00016136999999999998,0.0,56667.116833891014
8447,2020-02-14,0.00016136999999999998,0.0,56676.2612065345
8448,2020-02-17,0.00016136999999999998,0.0,56685.4070548054
8449,2020-02-18,0.00016136999999999998,0.0,56694.55437894184
8450,2020-02-19,0.00016136999999999998,0.0,56703.70317918197
8451,2020-02-20,0.00016136999999999998,0.0,56712.853455763994
8452,2020-02-21,0.00016136999999999998,0.0,56722.00520892615
8453,2020-02-26,0.00016136999999999998,0.0,56731.15843890672
8454,2020-02-27,0.00016136999999999998,0.0,56740.31314594401
8455,2020-02-28,0.00016136999999999998,0.0,56749.46933027638
8456,2020-03-02,0.00016136999999999998,0.0,56758.626992142206
8457,2020-03-03,0.00016136999999999998,0.0,56767.78613177993
8458,2020-03-04,0.00016136999999999998,0.0,56776.94674942802
8459,2020-03-05,0.00016136999999999998,0.0,56786.108845324976
8460,2020-03-06,0.00016136999999999998,0.0,56795.27241970935
8461,2020-03-09,0.00016136999999999998,0.0,56804.43747281972
8462,2020-03-10,0.00016136999999999998,0.0,56813.60400489471
8463,2020-03-11,0.00016136999999999998,0.0,56822.77201617298
8464,2020-03-12,0.00016136999999999998,0.0,56831.941506893236
8465,2020-03-13,0.00016136999999999998,0.0,56841.112477294206
8466,2020-03-16,0.00016136999999999998,0.0,56850.284927614666
8467,2020-03-17,0.00016136999999999998,0.0,56859.458858093436
8468,2020-03-18,0.00016136999999999998,0.0,56868.63426896937
8469,2020-03-19,0.00014227,-0.0011836152940447409,56876.724969566814
8470,2020-03-20,0.00014227,0.0,56884.81682122823
8471,2020-03-23,0.00014227,0.0,56892.909824117385
8472,2020-03-24,0.00014227,0.0,56901.00397839806
8473,2020-03-25,0.00014227,0.0,56909.09928423407
8474,2020-03-26,0.00014227,0.0,56917.19574178924
8475,2020-03-27,0.00014227,0.0,56925.293351227425
8476,2020-03-30,0.00014227,0.0,56933.39211271251
8477,2020-03-31,0.00014227,0.0,56941.492026408385
8478,2020-04-01,0.00014227,0.0,56949.59309247898
8479,2020-04-02,0.00014227,0.0,56957.695311088246
8480,2020-04-03,0.00014227,0.0,56965.79868240016
8481,2020-04-06,0.00014227,0.0,56973.9032065787
8482,2020-04-07,0.00014227,0.0,56982.0088837879
8483,2020-04-08,0.00014227,0.0,56990.1157141918
8484,2020-04-09,0.00014227,0.0,56998.22369795446
8485,2020-04-13,0.00014227,0.0,57006.33283523997
8486,2020-04-14,0.00014227,0.0,57014.44312621244
8487,2020-04-15,0.00014227,0.0,57022.55457103601
8488,2020-04-16,0.00014227,0.0,57030.66716987483
8489,2020-04-17,0.00014227,0.0,57038.78092289309
8490,2020-04-20,0.00014227,0.0,57046.895830254995
8491,2020-04-22,0.00014227,0.0,57055.01189212476
8492,2020-04-23,0.00014227,0.0,57063.12910866665
8493,2020-04-24,0.00014227,0.0,57071.24748004494
8494,2020-04-27,0.00014227,0.0,57079.36700642393
8495,2020-04-28,0.00014227,0.0,57087.48768796793
8496,2020-04-29,0.00014227,0.0,57095.6095248413
8497,2020-04-30,0.00014227,0.0,57103.732517208395
8498,2020-05-04,0.00014227,0.0,57111.856665233616
8499,2020-05-05,0.00014227,0.0,57119.98196908138
8500,2020-05-06,0.00014227,0.0,57128.10842891612
8501,2020-05-07,0.00011344999999999999,-0.0020257257327616508,57134.589612817384
8502,2020-05-08,0.00011344999999999999,0.0,57141.07153200896
8503,2020-05-11,0.00011344999999999999,0.0,57147.55418657426
8504,2020-05-12,0.00011344999999999999,0.0,57154.037576596726
8505,2020-05-13,0.00011344999999999999,0.0,57160.521702159785
8506,2020-05-14,0.00011344999999999999,0.0,57167.00656334689
8507,2020-05-15,0.00011344999999999999,0.0,57173.4921602415
8508,2020-05-18,0.00011344999999999999,0.0,57179.978492927075
8509,2020-05-19,0.00011344999999999999,0.0,57186.46556148709
8510,2020-05-20,0.00011344999999999999,0.0,57192.953366005044
8511,2020-05-21,0.00011344999999999999,0.0,57199.44190656442
8512,2020-05-22,0.00011344999999999999,0.0,57205.931183248715
8513,2020-05-25,0.00011344999999999999,0.0,57212.421196141455
8514,2020-05-26,0.00011344999999999999,0.0,57218.91194532615
8515,2020-05-27,0.00011344999999999999,0.0,57225.40343088635
8516,2020-05-28,0.00011344999999999999,0.0,57231.89565290558
8517,2020-05-29,0.00011344999999999999,0.0,57238.3886114674
8518,2020-06-01,0.00011344999999999999,0.0,57244.882306655374
8519,2020-06-02,0.00011344999999999999,0.0,57251.37673855306
8520,2020-06-03,0.00011344999999999999,0.0,57257.87190724404
8521,2020-06-04,0.00011344999999999999,0.0,57264.36781281192
8522,2020-06-05,0.00011344999999999999,0.0,57270.864455340285
8523,2020-06-08,0.00011344999999999999,0.0,57277.36183491274
8524,2020-06-09,0.00011344999999999999,0.0,57283.85995161291
8525,2020-06-10,0.00011344999999999999,0.0,57290.35880552442
8526,2020-06-12,0.00011344999999999999,0.0,57296.8583967309
8527,2020-06-15,0.00011344999999999999,0.0,57303.35872531601
8528,2020-06-16,0.00011344999999999999,0.0,57309.85979136339
8529,2020-06-17,0.00011344999999999999,0.0,57316.36159495672
8530,2020-06-18,8.442e-05,-0.0025588364918466278,57321.20024220257
8531,2020-06-19,8.442e-05,0.0,57326.03929792702
8532,2020-06-22,8.442e-05,0.0,57330.87876216455
8533,2020-06-23,8.442e-05,0.0,57335.71863494966
8534,2020-06-24,8.442e-05,0.0,57340.558916316826
8535,2020-06-25,8.442e-05,0.0,57345.39960630055
8536,2020-06-26,8.442e-05,0.0,57350.24070493531
8537,2020-06-29,8.442e-05,0.0,57355.08221225563
8538,2020-06-30,8.442e-05,0.0,57359.92412829599
8539,2020-07-01,8.442e-05,0.0,57364.76645309091
8540,2020-07-02,8.442e-05,0.0,57369.60918667488
8541,2020-07-03,8.442e-05,0.0,57374.45232908243
8542,2020-07-06,8.442e-05,0.0,57379.29588034806
8543,2020-07-07,8.442e-05,0.0,57384.13984050628
8544,2020-07-08,8.442e-05,0.0,57388.98420959162
8545,2020-07-09,8.442e-05,0.0,57393.8289876386
8546,2020-07-10,8.442e-05,0.0,57398.674174681735
8547,2020-07-13,8.442e-05,0.0,57403.51977075556
8548,2020-07-14,8.442e-05,0.0,57408.365775894614
8549,2020-07-15,8.442e-05,0.0,57413.21219013342
8550,2020-07-16,8.442e-05,0.0,57418.059013506514
8551,2020-07-17,8.442e-05,0.0,57422.90624604844
8552,2020-07-20,8.442e-05,0.0,57427.75388779374
8553,2020-07-21,8.442e-05,0.0,57432.601938776956
8554,2020-07-22,8.442e-05,0.0,57437.450399032634
8555,2020-07-23,8.442e-05,0.0,57442.29926859533
8556,2020-07-24,8.442e-05,0.0,57447.148547499586
8557,2020-07-27,8.442e-05,0.0,57451.998235779974
8558,2020-07-28,8.442e-05,0.0,57456.84833347105
8559,2020-07-29,8.442e-05,0.0,57461.698840607365
8560,2020-07-30,8.442e-05,0.0,57466.549757223496
8561,2020-07-31,8.442e-05,0.0,57471.40108335401
8562,2020-08-03,8.442e-05,0.0,57476.25281903347
8563,2020-08-04,8.442e-05,0.0,57481.10496429646
8564,2020-08-05,8.442e-05,0.0,57485.95751917755
8565,2020-08-06,7.469e-05,-0.0011525704809286896,57490.25114534466
8566,2020-08-07,7.469e-05,0.0,57494.5450922027
8567,2020-08-10,7.469e-05,0.0,57498.83935977564
8568,2020-08-11,7.469e-05,0.0,57503.133948087416
8569,2020-08-12,7.469e-05,0.0,57507.428857162
8570,2020-08-13,7.469e-05,0.0,57511.724087023336
8571,2020-08-14,7.469e-05,0.0,57516.01963769539
8572,2020-08-17,7.469e-05,0.0,57520.315509202126
8573,2020-08-18,7.469e-05,0.0,57524.611701567504
8574,2020-08-19,7.469e-05,0.0,57528.90821481549
8575,2020-08-20,7.469e-05,0.0,57533.205048970056
8576,2020-08-21,7.469e-05,0.0,57537.50220405516
8577,2020-08-24,7.469e-05,0.0,57541.79968009478
8578,2020-08-25,7.469e-05,0.0,57546.09747711288
8579,2020-08-26,7.469e-05,0.0,57550.39559513344
8580,2020-08-27,7.469e-05,0.0,57554.69403418044
8581,2020-08-28,7.469e-05,0.0,57558.992794277845
8582,2020-08-31,7.469e-05,0.0,57563.29187544964
8583,2020-09-01,7.469e-05,0.0,57567.59127771982
8584,2020-09-02,7.469e-05,0.0,57571.891001112344
8585,2020-09-03,7.469e-05,0.0,57576.19104565121
8586,2020-09-04,7.469e-05,0.0,57580.49141136041
8587,2020-09-08,7.469e-05,0.0,57584.79209826392
8588,2020-09-09,7.469e-05,0.0,57589.093106385735
8589,2020-09-10,7.469e-05,0.0,57593.39443574985
8590,2020-09-11,7.469e-05,0.0,57597.69608638025
8591,2020-09-14,7.469e-05,0.0,57601.99805830094
8592,2020-09-15,7.469e-05,0.0,57606.30035153591
8593,2020-09-16,7.469e-05,0.0,57610.60296610916
8594,2020-09-17,7.469e-05,0.0,57614.905902044695
8595,2020-09-18,7.469e-05,0.0,57619.20915936652
8596,2020-09-21,7.469e-05,0.0,57623.51273809862
8597,2020-09-22,7.469e-05,0.0,57627.81663826503
8598,2020-09-23,7.469e-05,0.0,57632.120859889736
8599,2020-09-24,7.469e-05,0.0,57636.425402996756
8600,2020-09-25,7.469e-05,0.0,57640.7302676101
8601,2020-09-28,7.469e-05,0.0,57645.035453753786
8602,2020-09-29,7.469e-05,0.0,57649.340961451824
8603,2020-09-30,7.469e-05,0.0,57653.64679072823
8604,2020-10-01,7.469e-05,0.0,57657.95294160702
8605,2020-10-02,7.469e-05,0.0,57662.259414112224
8606,2020-10-05,7.469e-05,0.0,57666.56620826786
8607,2020-10-06,7.469e-05,0.0,57670.87332409795
8608,2020-10-07,7.469e-05,0.0,57675.18076162652
8609,2020-10-08,7.469e-05,0.0,57679.4885208776
8610,2020-10-09,7.469e-05,0.0,57683.79660187523
8611,2020-10-13,7.469e-05,0.0,57688.10500464342
8612,2020-10-14,7.469e-05,0.0,57692.41372920621
8613,2020-10-15,7.469e-05,0.0,57696.72277558764
8614,2020-10-16,7.469e-05,0.0,57701.03214381174
8615,2020-10-19,7.469e-05,0.0,57705.34183390256
8616,2020-10-20,7.469e-05,0.0,57709.65184588413
8617,2020-10-21,7.469e-05,0.0,57713.962179780494
8618,2020-10-22,7.469e-05,0.0,57718.272835615695
8619,2020-10-23,7.469e-05,0.0,57722.58381341378
8620,2020-10-26,7.469e-05,0.0,57726.8951131988
8621,2020-10-27,7.469e-05,0.0,57731.2067349948
8622,2020-10-28,7.469e-05,0.0,57735.51867882583
8623,2020-10-29,7.469e-05,0.0,57739.83094471595
8624,2020-10-30,7.469e-05,0.0,57744.1435326892
8625,2020-11-03,7.469e-05,0.0,57748.45644276965
8626,2020-11-04,7.469e-05,0.0,57752.76967498136
8627,2020-11-05,7.469e-05,0.0,57757.08322934838
8628,2020-11-06,7.469e-05,0.0,57761.39710589478
8629,2020-11-09,7.469e-05,0.0,57765.71130464462
8630,2020-11-10,7.469e-05,0.0,57770.02582562196
8631,2020-11-11,7.469e-05,0.0,57774.34066885087
8632,2020-11-12,7.469e-05,0.0,57778.65583435542
8633,2020-11-13,7.469e-05,0.0,57782.97132215968
8634,2020-11-16,7.469e-05,0.0,57787.28713228773
8635,2020-11-17,7.469e-05,0.0,57791.60326476364
8636,2020-11-18,7.469e-05,0.0,57795.91971961148
8637,2020-11-19,7.469e-05,0.0,57800.23649685533
8638,2020-11-20,7.469e-05,0.0,57804.553596519276
8639,2020-11-23,7.469e-05,0.0,57808.8710186274
8640,2020-11-24,7.469e-05,0.0,57813.188763203776
8641,2020-11-25,7.469e-05,0.0,57817.5068302725
8642,2020-11-26,7.469e-05,0.0,57821.825219857645
8643,2020-11-27,7.469e-05,0.0,57826.143931983315
8644,2020-11-30,7.469e-05,0.0,57830.46296667359
8645,2020-12-01,7.469e-05,0.0,57834.78232395257
8646,2020-12-02,7.469e-05,0.0,57839.10200384434
8647,2020-12-03,7.469e-05,0.0,57843.422006373
8648,2020-12-04,7.469e-05,0.0,57847.74233156266
8649,2020-12-07,7.469e-05,0.0,57852.062979437396
8650,2020-12-08,7.469e-05,0.0,57856.38395002133
8651,2020-12-09,7.469e-05,0.0,57860.705243338554
8652,2020-12-10,7.469e-05,0.0,57865.02685941318
8653,2020-12-11,7.469e-05,0.0,57869.348798269304
8654,2020-12-14,7.469e-05,0.0,57873.671059931046
8655,2020-12-15,7.469e-05,0.0,57877.99364442251
8656,2020-12-16,7.469e-05,0.0,57882.316551767806
8657,2020-12-17,7.469e-05,0.0,57886.639781991056
8658,2020-12-18,7.469e-05,0.0,57890.96333511637
8659,2020-12-21,7.469e-05,0.0,57895.287211167866
8660,2020-12-22,7.469e-05,0.0,57899.611410169666
8661,2020-12-23,7.469e-05,0.0,57903.93593214589
8662,2020-12-24,7.469e-05,0.0,57908.26077712066
8663,2020-12-28,7.469e-05,0.0,57912.5859451181
8664,2020-12-29,7.469e-05,0.0,57916.911436162336
8665,2020-12-30,7.469e-05,0.0,57921.237250277496
8666,2020-12-31,7.469e-05,0.0,57925.56338748772
8667,2021-01-04,7.469e-05,0.0,57929.889847817125
8668,2021-01-05,7.469e-05,0.0,57934.216631289855
8669,2021-01-06,7.469e-05,0.0,57938.54373793004
8670,2021-01-07,7.469e-05,0.0,57942.87116776183
8671,2021-01-08,7.469e-05,0.0,57947.198920809344
8672,2021-01-11,7.469e-05,0.0,57951.526997096735
8673,2021-01-12,7.469e-05,0.0,57955.85539664814
8674,2021-01-13,7.469e-05,0.0,57960.18411948771
8675,2021-01-14,7.469e-05,0.0,57964.51316563959
8676,2021-01-15,7.469e-05,0.0,57968.84253512793
8677,2021-01-18,7.469e-05,0.0,57973.17222797687
8678,2021-01-19,7.469e-05,0.0,57977.50224421058
8679,2021-01-20,7.469e-05,0.0,57981.83258385319
8680,2021-01-21,7.469e-05,0.0,57986.163246928874
8681,2021-01-22,7.469e-05,0.0,57990.49423346178
8682,2021-01-25,7.469e-05,0.0,57994.82554347607
8683,2021-01-26,7.469e-05,0.0,57999.15717699591
8684,2021-01-27,7.469e-05,0.0,58003.489134045456
8685,2021-01-28,7.469e-05,0.0,58007.821414648875
8686,2021-01-29,7.469e-05,0.0,58012.15401883033
8687,2021-02-01,7.469e-05,0.0,58016.48694661399
8688,2021-02-02,7.469e-05,0.0,58020.820198024034
8689,2021-02-03,7.469e-05,0.0,58025.15377308462
8690,2021-02-04,7.469e-05,0.0,58029.48767181992
8691,2021-02-05,7.469e-05,0.0,58033.82189425413
8692,2021-02-08,7.469e-05,0.0,58038.1564404114
8693,2021-02-09,7.469e-05,0.0,58042.491310315934
8694,2021-02-10,7.469e-05,0.0,58046.8265039919
8695,2021-02-11,7.469e-05,0.0,58051.162021463475
8696,2021-02-12,7.469e-05,0.0,58055.497862754855
8697,2021-02-17,7.469e-05,0.0,58059.83402789022
8698,2021-02-18,7.469e-05,0.0,58064.170516893755
8699,2021-02-19,7.469e-05,0.0,58068.50732978966
8700,2021-02-22,7.469e-05,0.0,58072.84446660212
8701,2021-02-23,7.469e-05,0.0,58077.18192735533
8702,2021-02-24,7.469e-05,0.0,58081.519712073474
8703,2021-02-25,7.469e-05,0.0,58085.857820780766
8704,2021-02-26,7.469e-05,0.0,58090.196253501395
8705,2021-03-01,7.469e-05,0.0,58094.53501025956
8706,2021-03-02,7.469e-05,0.0,58098.87409107947
8707,2021-03-03,7.469e-05,0.0,58103.21349598533
8708,2021-03-04,7.469e-05,0.0,58107.55322500134
8709,2021-03-05,7.469e-05,0.0,58111.893278151714
8710,2021-03-08,7.469e-05,0.0,58116.23365546066
8711,2021-03-09,7.469e-05,0.0,58120.574356952384
8712,2021-03-10,7.469e-05,0.0,58124.9153826511
8713,2021-03-11,7.469e-05,0.0,58129.25673258103
8714,2021-03-12,7.469e-05,0.0,58133.59840676638
8715,2021-03-15,7.469e-05,0.0,58137.94040523138
8716,2021-03-16,7.469e-05,0.0,58142.28272800024
8717,2021-03-17,7.469e-05,0.0,58146.62537509719
8718,2021-03-18,0.00010379,0.0038961038961038952,58152.66041334487
8719,2021-03-19,0.00010379,0.0,58158.69607796917
8720,2021-03-22,0.00010379,0.0,58164.73236903511
8721,2021-03-23,0.00010379,0.0,58170.7692866077
8722,2021-03-24,0.00010379,0.0,58176.80683075196
8723,2021-03-25,0.00010379,0.0,58182.84500153292
8724,2021-03-26,0.00010379,0.0,58188.88379901563
8725,2021-03-29,0.00010379,0.0,58194.923223265134
8726,2021-03-30,0.00010379,0.0,58200.96327434648
8727,2021-03-31,0.00010379,0.0,58207.00395232473
8728,2021-04-01,0.00010379,0.0,58213.045257264945
8729,2021-04-05,0.00010379,0.0,58219.087189232196
8730,2021-04-06,0.00010379,0.0,58225.12974829157
8731,2021-04-07,0.00010379,0.0,58231.17293450815
8732,2021-04-08,0.00010379,0.0,58237.21674794702
8733,2021-04-09,0.00010379,0.0,58243.26118867329
8734,2021-04-12,0.00010379,0.0,58249.30625675207
8735,2021-04-13,0.00010379,0.0,58255.35195224846
8736,2021-04-14,0.00010379,0.0,58261.398275227584
8737,2021-04-15,0.00010379,0.0,58267.44522575457
8738,2021-04-16,0.00010379,0.0,58273.49280389456
8739,2021-04-19,0.00010379,0.0,58279.54100971268
8740,2021-04-20,0.00010379,0.0,58285.58984327408
8741,2021-04-22,0.00010379,0.0,58291.63930464392
8742,2021-04-23,0.00010379,0.0,58297.68939388735
8743,2021-04-26,0.00010379,0.0,58303.74011106954
8744,2021-04-27,0.00010379,0.0,58309.791456255676
8745,2021-04-28,0.00010379,0.0,58315.843429510925
8746,2021-04-29,0.00010379,0.0,58321.896030900476
8747,2021-04-30,0.00010379,0.0,58327.94926048953
8748,2021-05-03,0.00010379,0.0,58334.00311834328
8749,2021-05-04,0.00010379,0.0,58340.05760452693
8750,2021-05-05,0.00010379,0.0,58346.11271910571
8751,2021-05-06,0.00013269,0.002784468638597168,58353.85466480241
8752,2021-05-07,0.00013269,0.0,58361.597637777886
8753,2021-05-10,0.00013269,0.0,58369.341638168444
8754,2021-05-11,0.00013269,0.0,58377.086666110416
8755,2021-05-12,0.00013269,0.0,58384.832721740146
8756,2021-05-13,0.00013269,0.0,58392.57980519399
8757,2021-05-14,0.00013269,0.0,58400.327916608345
8758,2021-05-17,0.00013269,0.0,58408.077056119604
8759,2021-05-18,0.00013269,0.0,58415.82722386418
8760,2021-05-19,0.00013269,0.0,58423.57841997852
8761,2021-05-20,0.00013269,0.0,58431.33064459907
8762,2021-05-21,0.00013269,0.0,58439.0838978623
8763,2021-05-24,0.00013269,0.0,58446.83817990471
8764,2021-05-25,0.00013269,0.0,58454.593490862804
8765,2021-05-26,0.00013269,0.0,58462.34983087311
8766,2021-05-27,0.00013269,0.0,58470.10720007217
8767,2021-05-28,0.00013269,0.0,58477.86559859655
8768,2021-05-31,0.00013269,0.0,58485.625026582835
8769,2021-06-01,0.00013269,0.0,58493.385484167615
8770,2021-06-02,0.00013269,0.0,58501.14697148751
8771,2021-06-04,0.00013269,0.0,58508.909488679164
8772,2021-06-07,0.00013269,0.0,58516.67303587922
8773,2021-06-08,0.00013269,0.0,58524.437613224356
8774,2021-06-09,0.00013269,0.0,58532.20322085126
8775,2021-06-10,0.00013269,0.0,58539.969858896635
8776,2021-06-11,0.00013269,0.0,58547.737527497215
8777,2021-06-14,0.00013269,0.0,58555.50622678974
8778,2021-06-15,0.00013269,0.0,58563.27595691097
8779,2021-06-16,0.00013269,0.0,58571.04671799769
8780,2021-06-17,0.00016136999999999998,0.0021614288944155537,58580.49832780658
8781,2021-06-18,0.00016136999999999998,0.0,58589.95146282174
8782,2021-06-21,0.00016136999999999998,0.0,58599.40612328929
8783,2021-06-22,0.00016136999999999998,0.0,58608.86230945541
8784,2021-06-23,0.00016136999999999998,0.0,58618.320021566295
8785,2021-06-24,0.00016136999999999998,0.0,58627.77925986818
8786,2021-06-25,0.00016136999999999998,0.0,58637.240024607345
8787,2021-06-28,0.00016136999999999998,0.0,58646.70231603012
8788,2021-06-29,0.00016136999999999998,0.0,58656.16613438286
8789,2021-06-30,0.00016136999999999998,0.0,58665.63147991197
8790,2021-07-01,0.00016136999999999998,0.0,58675.09835286389
8791,2021-07-02,0.00016136999999999998,0.0,58684.566753485095
8792,2021-07-05,0.00016136999999999998,0.0,58694.03668202211
8793,2021-07-06,0.00016136999999999998,0.0,58703.50813872149
8794,2021-07-07,0.00016136999999999998,0.0,58712.981123829835
8795,2021-07-08,0.00016136999999999998,0.0,58722.45563759379
8796,2021-07-09,0.00016136999999999998,0.0,58731.93168026003
8797,2021-07-12,0.00016136999999999998,0.0,58741.409252075275
8798,2021-07-13,0.00016136999999999998,0.0,58750.88835328628
8799,2021-07-14,0.00016136999999999998,0.0,58760.36898413985
8800,2021-07-15,0.00016136999999999998,0.0,58769.85114488283
8801,2021-07-16,0.00016136999999999998,0.0,58779.33483576208
8802,2021-07-19,0.00016136999999999998,0.0,58788.820057024524
8803,2021-07-20,0.00016136999999999998,0.0,58798.30680891713
8804,2021-07-21,0.00016136999999999998,0.0,58807.79509168689
8805,2021-07-22,0.00016136999999999998,0.0,58817.28490558083
8806,2021-07-23,0.00016136999999999998,0.0,58826.77625084605
8807,2021-07-26,0.00016136999999999998,0.0,58836.269127729654
8808,2021-07-27,0.00016136999999999998,0.0,58845.7635364788
8809,2021-07-28,0.00016136999999999998,0.0,58855.25947734068
8810,2021-07-29,0.00016136999999999998,0.0,58864.75695056254
8811,2021-07-30,0.00016136999999999998,0.0,58874.25595639166
8812,2021-08-02,0.00016136999999999998,0.0,58883.756495075344
8813,2021-08-03,0.00016136999999999998,0.0,58893.25856686095
8814,2021-08-04,0.00016136999999999998,0.0,58902.76217199589
8815,2021-08-05,0.0001993,0.0023504988535663386,58914.50149249677
8816,2021-08-06,0.0001993,0.0,58926.24315264422
8817,2021-08-09,0.0001993,0.0,58937.98715290455
8818,2021-08-10,0.0001993,0.0,58949.73349374413
8819,2021-08-11,0.0001993,0.0,58961.48217562943
8820,2021-08-12,0.0001993,0.0,58973.23319902704
8821,2021-08-13,0.0001993,0.0,58984.9865644036
8822,2021-08-16,0.0001993,0.0,58996.74227222589
8823,2021-08-17,0.0001993,0.0,59008.50032296075
8824,2021-08-18,0.0001993,0.0,59020.260717075114
8825,2021-08-19,0.0001993,0.0,59032.023455036026
8826,2021-08-20,0.0001993,0.0,59043.78853731062
8827,2021-08-23,0.0001993,0.0,59055.5559643661
8828,2021-08-24,0.0001993,0.0,59067.3257366698
8829,2021-08-25,0.0001993,0.0,59079.09785468912
8830,2021-08-26,0.0001993,0.0,59090.87231889156
8831,2021-08-27,0.0001993,0.0,59102.649129744714
8832,2021-08-30,0.0001993,0.0,59114.42828771627
8833,2021-08-31,0.0001993,0.0,59126.209793274014
8834,2021-09-01,0.0001993,0.0,59137.993646885814
8835,2021-09-02,0.0001993,0.0,59149.77984901964
8836,2021-09-03,0.0001993,0.0,59161.568400143544
8837,2021-09-06,0.0001993,0.0,59173.35930072569
8838,2021-09-08,0.0001993,0.0,59185.15255123433
8839,2021-09-09,0.0001993,0.0,59196.94815213779
8840,2021-09-10,0.0001993,0.0,59208.74610390451
8841,2021-09-13,0.0001993,0.0,59220.546407003014
8842,2021-09-14,0.0001993,0.0,59232.34906190193
8843,2021-09-15,0.0001993,0.0,59244.15406906997
8844,2021-09-16,0.0001993,0.0,59255.961428975934
8845,2021-09-17,0.0001993,0.0,59267.77114208873
8846,2021-09-20,0.0001993,0.0,59279.583208877346
8847,2021-09-21,0.0001993,0.0,59291.397629810876
8848,2021-09-22,0.0001993,0.0,59303.2144053585
8849,2021-09-23,0.00023687,0.0018850978424485708,59317.2615577547
8850,2021-09-24,0.00023687,0.0,59331.312037499876
8851,2021-09-27,0.00023687,0.0,59345.3658453822
8852,2021-09-28,0.00023687,0.0,59359.42298218999
8853,2021-09-29,0.00023687,0.0,59373.483448711784
8854,2021-09-30,0.00023687,0.0,59387.54724573628
8855,2021-10-01,0.00023687,0.0,59401.61437405237
8856,2021-10-04,0.00023687,0.0,59415.684834449145
8857,2021-10-05,0.00023687,0.0,59429.75862771588
8858,2021-10-06,0.00023687,0.0,59443.83575464202
8859,2021-10-07,0.00023687,0.0,59457.91621601722
8860,2021-10-08,0.00023687,0.0,59472.0000126313
8861,2021-10-11,0.00023687,0.0,59486.087145274294
8862,2021-10-13,0.00023687,0.0,59500.17761473639
8863,2021-10-14,0.00023687,0.0,59514.27142180799
8864,2021-10-15,0.00023687,0.0,59528.36856727967
8865,2021-10-18,0.00023687,0.0,59542.4690519422
8866,2021-10-19,0.00023687,0.0,59556.57287658653
8867,2021-10-20,0.00023687,0.0,59570.6800420038
8868,2021-10-21,0.00023687,0.0,59584.790548985344
8869,2021-10-22,0.00023687,0.0,59598.90439832268
8870,2021-10-25,0.00023687,0.0,59613.021590807504
8871,2021-10-26,0.00023687,0.0,59627.14212723172
8872,2021-10-27,0.00023687,0.0,59641.26600838739
8873,2021-10-28,0.00029256000000000003,0.002351078650736691,59658.714657170814
8874,2021-10-29,0.00029256000000000003,0.0,59676.16841073092
8875,2021-11-01,0.00029256000000000003,0.0,59693.62727056117
8876,2021-11-03,0.00029256000000000003,0.0,59711.09123815545
8877,2021-11-04,0.00029256000000000003,0.0,59728.56031500809
8878,2021-11-05,0.00029256000000000003,0.0,59746.03450261386
8879,2021-11-08,0.00029256000000000003,0.0,59763.513802467955
8880,2021-11-09,0.00029256000000000003,0.0,59780.99821606601
8881,2021-11-10,0.00029256000000000003,0.0,59798.48774490411
8882,2021-11-11,0.00029256000000000003,0.0,59815.98239047876
8883,2021-11-12,0.00029256000000000003,0.0,59833.482154286925
8884,2021-11-16,0.00029256000000000003,0.0,59850.98703782599
8885,2021-11-17,0.00029256000000000003,0.0,59868.49704259378
8886,2021-11-18,0.00029256000000000003,0.0,59886.012170088565
8887,2021-11-19,0.00029256000000000003,0.0,59903.53242180905
8888,2021-11-22,0.00029256000000000003,0.0,59921.057799254384
8889,2021-11-23,0.00029256000000000003,0.0,59938.58830392414
8890,2021-11-24,0.00029256000000000003,0.0,59956.12393731834
8891,2021-11-25,0.00029256000000000003,0.0,59973.66470093745
8892,2021-11-26,0.00029256000000000003,0.0,59991.21059628236
8893,2021-11-29,0.00029256000000000003,0.0,60008.761624854415
8894,2021-11-30,0.00029256000000000003,0.0,60026.317788155386
8895,2021-12-01,0.00029256000000000003,0.0,60043.87908768749
8896,2021-12-02,0.00029256000000000003,0.0,60061.44552495339
8897,2021-12-03,0.00029256000000000003,0.0,60079.01710145618
8898,2021-12-06,0.00029256000000000003,0.0,60096.59381869939
8899,2021-12-07,0.00029256000000000003,0.0,60114.17567818699
8900,2021-12-08,0.00029256000000000003,0.0,60131.76268142341
8901,2021-12-09,0.00034749,0.0018775635767022147,60152.65786763758
8902,2021-12-10,0.00034749,0.0,60173.56031472
8903,2021-12-13,0.00034749,0.0,60194.47002519376
8904,2021-12-14,0.00034749,0.0,60215.387001582814
8905,2021-12-15,0.00034749,0.0,60236.31124641199
8906,2021-12-16,0.00034749,0.0,60257.24276220701
8907,2021-12-17,0.00034749,0.0,60278.18155149445
8908,2021-12-20,0.00034749,0.0,60299.12761680177
8909,2021-12-21,0.00034749,0.0,60320.08096065734
8910,2021-12-22,0.00034749,0.0,60341.041585590356
8911,2021-12-23,0.00034749,0.0,60362.009494130936
8912,2021-12-24,0.00034749,0.0,60382.98468881005
8913,2021-12-27,0.00034749,0.0,60403.967172159566
8914,2021-12-28,0.00034749,0.0,60424.95694671222
8915,2021-12-29,0.00034749,0.0,60445.95401500163
8916,2021-12-30,0.00034749,0.0,60466.958379562304
8917,2021-12-31,0.00034749,0.0,60487.97004292962
